/home/ullmann/Documents/research/engine_repos_local/urho3d/Source/ThirdParty/AngelScript/source/as_atomic.cpp,OSAtomic.h
/home/ullmann/Documents/research/engine_repos_local/urho3d/Source/ThirdParty/Assimp/code/C4DImporter.cpp,c4d_file.h
/home/ullmann/Documents/research/engine_repos_local/urho3d/Source/ThirdParty/Assimp/code/C4DImporter.cpp,default_alien_overloads.h
/home/ullmann/Documents/research/engine_repos_local/urho3d/Source/ThirdParty/AngelScript/source/as_debug.h,direct.h
/home/ullmann/Documents/research/engine_repos_local/urho3d/Source/ThirdParty/AngelScript/source/as_debug.h,mmsystem.h
/home/ullmann/Documents/research/engine_repos_local/urho3d/Source/ThirdParty/Assimp/code/DefaultIOSystem.cpp,param.h
/home/ullmann/Documents/research/engine_repos_local/urho3d/Source/ThirdParty/AngelScript/source/as_callfunc_ppc_64.cpp,ppu_asm_intrinsics.h
/home/ullmann/Documents/research/engine_repos_local/urho3d/Source/ThirdParty/AngelScript/source/as_callfunc_mips.cpp,regdef.h
/home/ullmann/Documents/research/engine_repos_local/urho3d/Source/ThirdParty/Assimp/code/Version.cpp,revision.h
/home/ullmann/Documents/research/engine_repos_local/urho3d/Source/ThirdParty/AngelScript/source/as_debug.h,stat.h
/home/ullmann/Documents/research/engine_repos_local/urho3d/Source/ThirdParty/AngelScript/source/as_string.cpp,stdarg.h
/home/ullmann/Documents/research/engine_repos_local/urho3d/Source/ThirdParty/AngelScript/include/angelscript.h,stddef.h
/home/ullmann/Documents/research/engine_repos_local/urho3d/Source/ThirdParty/AngelScript/source/as_atomic.cpp,windows.h
/home/ullmann/Documents/research/engine_repos_local/urho3d/Source/ThirdParty/AngelScript/source/as_atomic.cpp,xtl.h
