/home/ullmann/Documents/research/urho3d/Source/ThirdParty/SLikeNet/Source/src/SecureHandshake.cpp,AlignedAlloc.cpp
/home/ullmann/Documents/research/urho3d/Source/ThirdParty/SLikeNet/Source/include/slikenet/SecureHandshake.h,AllTunnel.hpp
/home/ullmann/Documents/research/urho3d/Source/ThirdParty/SDL/src/main/haiku/SDL_BeApp.cc,AppFileInfo.h
/home/ullmann/Documents/research/urho3d/Source/ThirdParty/SDL/src/main/haiku/SDL_BeApp.cc,AppKit.h
/home/ullmann/Documents/research/urho3d/Source/ThirdParty/FreeType/src/base/ftmac.c,ApplicationServices.h
/home/ullmann/Documents/research/urho3d/Source/ThirdParty/SDL/src/audio/coreaudio/SDL_coreaudio.h,AudioToolbox.h
/home/ullmann/Documents/research/urho3d/Source/ThirdParty/SDL/src/audio/coreaudio/SDL_coreaudio.h,AudioUnit.h
/home/ullmann/Documents/research/urho3d/Source/ThirdParty/SLikeNet/Source/src/SecureHandshake.cpp,AuthenticatedEncryption.cpp
/home/ullmann/Documents/research/urho3d/Source/ThirdParty/GLEW/glew.h,Availability.h
/home/ullmann/Documents/research/urho3d/Source/ThirdParty/FreeType/include/freetype/config/ftconfig.h,AvailabilityMacros.h
/home/ullmann/Documents/research/urho3d/Source/ThirdParty/SLikeNet/Source/src/SecureHandshake.cpp,BigPseudoMersenne.cpp
/home/ullmann/Documents/research/urho3d/Source/ThirdParty/SLikeNet/Source/src/SecureHandshake.cpp,BigRTL.cpp
/home/ullmann/Documents/research/urho3d/Source/ThirdParty/SLikeNet/Source/src/SecureHandshake.cpp,BigTwistedEdwards.cpp
/home/ullmann/Documents/research/urho3d/Source/ThirdParty/SDL/src/hidapi/testgui/mac_support.cpp,Carbon.h
/home/ullmann/Documents/research/urho3d/Source/ThirdParty/SLikeNet/Source/src/SecureHandshake.cpp,ChaCha.cpp
/home/ullmann/Documents/research/urho3d/Source/ThirdParty/SLikeNet/Source/src/SecureHandshake.cpp,Clock.cpp
/home/ullmann/Documents/research/urho3d/Source/ThirdParty/SDL/src/video/cocoa/SDL_cocoavideo.h,Cocoa.h
/home/ullmann/Documents/research/urho3d/Source/ThirdParty/FreeType/include/freetype/config/ftconfig.h,ConditionalMacros.h
/home/ullmann/Documents/research/urho3d/Source/ThirdParty/SLikeNet/Source/src/SecureHandshake.cpp,CookieJar.cpp
/home/ullmann/Documents/research/urho3d/Source/ThirdParty/SDL/src/audio/coreaudio/SDL_coreaudio.h,CoreAudio.h
/home/ullmann/Documents/research/urho3d/Source/ThirdParty/SDL/src/hidapi/mac/hid.c,CoreFoundation.h
/home/ullmann/Documents/research/urho3d/Source/ThirdParty/FreeType/src/base/ftmac.c,CoreServices.h
/home/ullmann/Documents/research/urho3d/Source/ThirdParty/SLikeNet/Source/include/slikenet/MessageIdentifiers.h,CustomPacketIdentifiers.h
/home/ullmann/Documents/research/urho3d/Source/ThirdParty/SDL/src/render/direct3d11/SDL_render_winrt.cpp,DXGI.h
/home/ullmann/Documents/research/urho3d/Source/ThirdParty/SDL/src/render/direct3d11/SDL_render_d3d11.c,DXGI1_3.h
/home/ullmann/Documents/research/urho3d/Source/ThirdParty/SDL/src/video/haiku/SDL_BWin.h,DirectWindow.h
/home/ullmann/Documents/research/urho3d/Source/ThirdParty/SDL/src/filesystem/haiku/SDL_sysfilesystem.cc,Directory.h
/home/ullmann/Documents/research/urho3d/Source/ThirdParty/SDL/src/power/haiku/SDL_syspower.c,Drivers.h
/home/ullmann/Documents/research/urho3d/Source/ThirdParty/SLikeNet/Source/src/SecureHandshake.cpp,EasyHandshake.cpp
/home/ullmann/Documents/research/urho3d/Source/ThirdParty/SLikeNet/Source/src/SecureHandshake.cpp,EndianNeutral.cpp
/home/ullmann/Documents/research/urho3d/Source/ThirdParty/SLikeNet/Source/src/SecureHandshake.cpp,EntropyGeneric.cpp
/home/ullmann/Documents/research/urho3d/Source/ThirdParty/SLikeNet/Source/src/SecureHandshake.cpp,EntropyLinux.cpp
/home/ullmann/Documents/research/urho3d/Source/ThirdParty/SLikeNet/Source/src/SecureHandshake.cpp,EntropyWindows.cpp
/home/ullmann/Documents/research/urho3d/Source/ThirdParty/SLikeNet/Source/src/SecureHandshake.cpp,EntropyWindowsCE.cpp
/home/ullmann/Documents/research/urho3d/Source/ThirdParty/Bullet/src/BulletDynamics/MLCPSolvers/btPATHSolver.h,Error_Interface.h
/home/ullmann/Documents/research/urho3d/Source/ThirdParty/SDL/src/video/winrt/SDL_winrtgamebar.cpp,EventToken.h
/home/ullmann/Documents/research/urho3d/Source/ThirdParty/SDL/src/haptic/darwin/SDL_syshaptic.c,ForceFeedback.h
/home/ullmann/Documents/research/urho3d/Source/ThirdParty/SDL/src/haptic/darwin/SDL_syshaptic.c,ForceFeedbackConstants.h
/home/ullmann/Documents/research/urho3d/Source/ThirdParty/SLikeNet/Source/src/SecureHandshake.cpp,Fortuna.cpp
/home/ullmann/Documents/research/urho3d/Source/ThirdParty/SDL/src/video/haiku/SDL_BWin.h,GLView.h
/home/ullmann/Documents/research/urho3d/Source/ThirdParty/SLikeNet/Source/src/SecureHandshake.cpp,HMAC_MD5.cpp
/home/ullmann/Documents/research/urho3d/Source/ThirdParty/SDL/src/haptic/darwin/SDL_syshaptic.c,IOHIDKeys.h
/home/ullmann/Documents/research/urho3d/Source/ThirdParty/SDL/src/joystick/darwin/SDL_sysjoystick_c.h,IOHIDLib.h
/home/ullmann/Documents/research/urho3d/Source/ThirdParty/SDL/src/hidapi/mac/hid.c,IOHIDManager.h
/home/ullmann/Documents/research/urho3d/Source/ThirdParty/SDL/src/haptic/darwin/SDL_syshaptic.c,IOHIDUsageTables.h
/home/ullmann/Documents/research/urho3d/Source/ThirdParty/SDL/src/haptic/darwin/SDL_syshaptic.c,IOKitLib.h
/home/ullmann/Documents/research/urho3d/Source/ThirdParty/SDL/src/video/cocoa/SDL_cocoavideo.h,IOPMLib.h
/home/ullmann/Documents/research/urho3d/Source/ThirdParty/SDL/src/power/macosx/SDL_syspower.c,IOPSKeys.h
/home/ullmann/Documents/research/urho3d/Source/ThirdParty/SDL/src/power/macosx/SDL_syspower.c,IOPowerSources.h
/home/ullmann/Documents/research/urho3d/Source/ThirdParty/SLikeNet/Source/include/slikenet/WindowsIncludes.h,IPHlpApi.h
/home/ullmann/Documents/research/urho3d/Source/ThirdParty/SDL/include/SDL_syswm.h,Inspectable.h
/home/ullmann/Documents/research/urho3d/Source/ThirdParty/SDL/src/main/haiku/SDL_BApp.h,InterfaceKit.h
/home/ullmann/Documents/research/urho3d/Source/ThirdParty/Tracy/client/tracy_rpmalloc.cpp,Intsafe.h
/home/ullmann/Documents/research/urho3d/Source/ThirdParty/SDL/src/joystick/haiku/SDL_haikujoystick.cc,Joystick.h
/home/ullmann/Documents/research/urho3d/Source/ThirdParty/SDL/src/video/haiku/SDL_bopengl.cc,KernelKit.h
/home/ullmann/Documents/research/urho3d/Source/ThirdParty/SLikeNet/Source/src/SecureHandshake.cpp,KeyAgreement.cpp
/home/ullmann/Documents/research/urho3d/Source/ThirdParty/SLikeNet/Source/src/SecureHandshake.cpp,KeyAgreementInitiator.cpp
/home/ullmann/Documents/research/urho3d/Source/ThirdParty/SLikeNet/Source/src/SecureHandshake.cpp,KeyAgreementResponder.cpp
/home/ullmann/Documents/research/urho3d/Source/ThirdParty/SLikeNet/Source/src/SecureHandshake.cpp,KeyMaker.cpp
/home/ullmann/Documents/research/urho3d/Source/ThirdParty/Bullet/src/BulletDynamics/MLCPSolvers/btPATHSolver.h,License.h
/home/ullmann/Documents/research/urho3d/Source/ThirdParty/SLikeNet/Source/include/slikenet/TableSerializer.h,LightweightDatabaseClient.h
/home/ullmann/Documents/research/urho3d/Source/ThirdParty/SLikeNet/Source/include/slikenet/TableSerializer.h,LightweightDatabaseServer.h
/home/ullmann/Documents/research/urho3d/Source/Tools/ScriptCompiler/ScriptCompiler.cpp,LuaScript.h
/home/ullmann/Documents/research/urho3d/Source/ThirdParty/SLikeNet/Source/src/SecureHandshake.cpp,MurmurHash2.cpp
/home/ullmann/Documents/research/urho3d/Source/ThirdParty/SLikeNet/Source/NetworkIDObject.h,NetowkrIDObject.h
/home/ullmann/Documents/research/urho3d/Source/ThirdParty/SDL/src/thread/pthread/SDL_systhread.c,OS.h
/home/ullmann/Documents/research/urho3d/Source/ThirdParty/AngelScript/source/as_atomic.cpp,OSAtomic.h
/home/ullmann/Documents/research/urho3d/Source/ThirdParty/SDL/src/render/opengl/SDL_render_gl.c,OpenGL.h
/home/ullmann/Documents/research/urho3d/Source/ThirdParty/SDL/src/main/haiku/SDL_BApp.h,OpenGLKit.h
/home/ullmann/Documents/research/urho3d/Source/ThirdParty/SDL/src/audio/openslES/SDL_openslES.c,OpenSLES.h
/home/ullmann/Documents/research/urho3d/Source/ThirdParty/SDL/src/audio/openslES/SDL_openslES.c,OpenSLES_Android.h
/home/ullmann/Documents/research/urho3d/Source/ThirdParty/SLikeNet/Source/src/SecureHandshake.cpp,Passwords.cpp
/home/ullmann/Documents/research/urho3d/Source/ThirdParty/SDL/include/SDL_assert.h,SDL_config.h
/home/ullmann/Documents/research/urho3d/Source/ThirdParty/SLikeNet/Source/src/SecureHandshake.cpp,SecureCompare.cpp
/home/ullmann/Documents/research/urho3d/Source/ThirdParty/Bullet/src/BulletDynamics/MLCPSolvers/btPATHSolver.h,SimpleLCP.h
/home/ullmann/Documents/research/urho3d/Source/ThirdParty/SLikeNet/Source/src/SecureHandshake.cpp,Skein.cpp
/home/ullmann/Documents/research/urho3d/Source/ThirdParty/SLikeNet/Source/src/TwoWayAuthentication.cpp,Skein.hpp
/home/ullmann/Documents/research/urho3d/Source/ThirdParty/SLikeNet/Source/src/SecureHandshake.cpp,Skein256.cpp
/home/ullmann/Documents/research/urho3d/Source/ThirdParty/SLikeNet/Source/src/SecureHandshake.cpp,Skein512.cpp
/home/ullmann/Documents/research/urho3d/Source/ThirdParty/SDL/src/audio/haiku/SDL_haikuaudio.cc,SoundPlayer.h
/home/ullmann/Documents/research/urho3d/Source/ThirdParty/SLikeNet/Source/src/SecureHandshake.cpp,Strings.cpp
/home/ullmann/Documents/research/urho3d/Source/ThirdParty/SDL/src/video/haiku/SDL_bframebuffer.h,SupportDefs.h
/home/ullmann/Documents/research/urho3d/Source/ThirdParty/Bullet/src/LinearMath/btQuickprof.cpp,TargetConditionals.h
/home/ullmann/Documents/research/urho3d/Source/ThirdParty/SLikeNet/Source/include/slikenet/thread.h,ThreadEmulation.h
/home/ullmann/Documents/research/urho3d/Source/ThirdParty/SDL/src/video/haiku/SDL_bclipboard.cc,TypeConstants.h
/home/ullmann/Documents/research/urho3d/Source/ThirdParty/SDL/include/SDL_syswm.h,UIKit.h
/home/ullmann/Documents/research/urho3d/Source/ThirdParty/SDL/src/joystick/hidapi/SDL_hidapijoystick.c,USBSpec.h
/home/ullmann/Documents/research/urho3d/Source/ThirdParty/SDL/src/video/haiku/SDL_bkeyboard.cc,UTF8.h
/home/ullmann/Documents/research/urho3d/Source/ThirdParty/SDL/include/SDL_egl.h,Unknwn.h
/home/ullmann/Documents/research/urho3d/Source/Tools/Tests/third-party/sdl.cpp,Urho3D.h
/home/ullmann/Documents/research/urho3d/Source/Samples/56_SpriteBatch/SpriteBatch.cpp,Urho3DAll.h
/home/ullmann/Documents/research/urho3d/Source/ThirdParty/SLikeNet/Source/src/SecureHandshake.cpp,WaitableFlag.cpp
/home/ullmann/Documents/research/urho3d/Source/ThirdParty/SDL/src/audio/wasapi/SDL_wasapi_winrt.cpp,Windows.h
/home/ullmann/Documents/research/urho3d/Source/ThirdParty/SDL/src/video/x11/SDL_x11dyn.h,XInput2.h
/home/ullmann/Documents/research/urho3d/Source/ThirdParty/SDL/src/video/x11/SDL_x11dyn.h,XKBlib.h
/home/ullmann/Documents/research/urho3d/Source/ThirdParty/SDL/src/video/x11/SDL_x11dyn.h,XShm.h
/home/ullmann/Documents/research/urho3d/Source/ThirdParty/SDL/include/SDL_syswm.h,Xatom.h
/home/ullmann/Documents/research/urho3d/Source/ThirdParty/SDL/src/video/x11/SDL_x11dyn.h,Xcursor.h
/home/ullmann/Documents/research/urho3d/Source/ThirdParty/SDL/src/video/x11/SDL_x11dyn.h,Xdbe.h
/home/ullmann/Documents/research/urho3d/Source/ThirdParty/SDL/src/video/x11/SDL_x11dyn.h,Xext.h
/home/ullmann/Documents/research/urho3d/Source/ThirdParty/SDL/src/video/x11/SDL_x11dyn.h,Xinerama.h
/home/ullmann/Documents/research/urho3d/Source/ThirdParty/GLEW/glxew.h,Xlib.h
/home/ullmann/Documents/research/urho3d/Source/ThirdParty/SDL/src/video/x11/SDL_x11dyn.h,Xlibint.h
/home/ullmann/Documents/research/urho3d/Source/ThirdParty/GLEW/glxew.h,Xmd.h
/home/ullmann/Documents/research/urho3d/Source/ThirdParty/SDL/src/video/x11/SDL_x11dyn.h,Xproto.h
/home/ullmann/Documents/research/urho3d/Source/ThirdParty/SDL/src/video/khronos/vulkan/vulkan.h,Xrandr.h
/home/ullmann/Documents/research/urho3d/Source/ThirdParty/Bullet/src/LinearMath/btQuickprof.cpp,Xtl.h
/home/ullmann/Documents/research/urho3d/Source/ThirdParty/GLEW/glxew.h,Xutil.h
/home/ullmann/Documents/research/urho3d/Source/ThirdParty/SQLite/src/sqlite3.c,_mingw.h
/home/ullmann/Documents/research/urho3d/Source/ThirdParty/SDL/src/core/winrt/SDL_winrtapp_xaml.cpp,agile.h
/home/ullmann/Documents/research/urho3d/Source/ThirdParty/AngelScript/source/as_memory.cpp,alloc.h
/home/ullmann/Documents/research/urho3d/Source/ThirdParty/Bullet/src/LinearMath/btQuadWord.h,altivec.h
/home/ullmann/Documents/research/urho3d/Source/ThirdParty/Assimp/contrib/rapidjson/include/rapidjson/reader.h,arm_neon.h
/home/ullmann/Documents/research/urho3d/Source/ThirdParty/SDL/include/SDL_cpuinfo.h,armintr.h
/home/ullmann/Documents/research/urho3d/Source/ThirdParty/SDL/src/audio/arts/SDL_artsaudio.h,artsc.h
/home/ullmann/Documents/research/urho3d/Source/ThirdParty/SDL/src/audio/alsa/SDL_alsa_audio.h,asoundlib.h
/home/ullmann/Documents/research/urho3d/Source/ThirdParty/SDL/src/audio/wasapi/SDL_wasapi.c,audioclient.h
/home/ullmann/Documents/research/urho3d/Source/ThirdParty/SDL/src/audio/netbsd/SDL_netbsdaudio.c,audioio.h
/home/ullmann/Documents/research/urho3d/Source/ThirdParty/SDL/src/audio/nas/SDL_nasaudio.h,audiolib.h
/home/ullmann/Documents/research/urho3d/Source/ThirdParty/SDL/src/cpuinfo/SDL_cpuinfo.c,auxv.h
/home/ullmann/Documents/research/urho3d/Source/ThirdParty/Box2D/include/box2d/b2_settings.h,b2_user_settings.h
/home/ullmann/Documents/research/urho3d/Source/ThirdParty/SDL/src/core/windows/SDL_windows.h,basetyps.h
/home/ullmann/Documents/research/urho3d/Source/ThirdParty/SDL/src/video/raspberry/SDL_rpivideo.h,bcm_host.h
/home/ullmann/Documents/research/urho3d/Source/ThirdParty/Bullet/src/LinearMath/btThreads.cpp,blocked_range.h
/home/ullmann/Documents/research/urho3d/Source/ThirdParty/Civetweb/src/civetweb.c,bn.h
/home/ullmann/Documents/research/urho3d/Source/ThirdParty/Bullet/src/BulletCollision/BroadphaseCollision/btDbvt.cpp,btQuickProf.h
/home/ullmann/Documents/research/urho3d/Source/ThirdParty/FreeType/src/bzip2/ftbzip2.c,bzlib.h
/home/ullmann/Documents/research/urho3d/Source/ThirdParty/Assimp/code/C4DImporter.cpp,c4d_file.h
/home/ullmann/Documents/research/urho3d/Source/ThirdParty/SLikeNet/Source/include/slikenet/linux_adapter.h,cdefs.h
/home/ullmann/Documents/research/urho3d/Source/ThirdParty/SDL/src/core/linux/SDL_evdev_kbd.c,cl.h
/home/ullmann/Documents/research/urho3d/Source/ThirdParty/SDL/src/audio/wasapi/SDL_wasapi.c,client.h
/home/ullmann/Documents/research/urho3d/Source/ThirdParty/Assimp/contrib/Open3DGC/o3dgcTimer.h,clock.h
/home/ullmann/Documents/research/urho3d/Source/ThirdParty/LibCpuId/src/cpuid_main.c,clock_types.h
/home/ullmann/Documents/research/urho3d/Source/ThirdParty/SQLite/src/sqlite3.c,cmnintrin.h
/home/ullmann/Documents/research/urho3d/Source/ThirdParty/SLikeNet/Source/src/RakNetSocket2_WindowsStore8.cpp,collection.h
/home/ullmann/Documents/research/urho3d/Source/ThirdParty/Bullet/src/LinearMath/btThreads.cpp,concrtrm.h
/home/ullmann/Documents/research/urho3d/Source/ThirdParty/SLikeNet/Source/include/slikenet/Getche.h,conio.h
/home/ullmann/Documents/research/urho3d/Source/ThirdParty/SDL/src/cpuinfo/SDL_cpuinfo.c,cpu-features.h
/home/ullmann/Documents/research/urho3d/Source/ThirdParty/SDL/src/cpuinfo/SDL_cpuinfo.c,cpu.h
/home/ullmann/Documents/research/urho3d/Source/ThirdParty/LibCpuId/src/rdmsr.c,cpuctl.h
/home/ullmann/Documents/research/urho3d/Source/ThirdParty/Tracy/client/TracyProfiler.cpp,cpuid.h
/home/ullmann/Documents/research/urho3d/Source/ThirdParty/SDL/include/SDL_atomic.h,cpuinline.h
/home/ullmann/Documents/research/urho3d/Source/ThirdParty/STB/stb_vorbis.h,crtdbg.h
/home/ullmann/Documents/research/urho3d/Source/ThirdParty/Civetweb/src/civetweb.c,crypto.h
/home/ullmann/Documents/research/urho3d/Source/ThirdParty/Assimp/contrib/zlib/trees.c,ctype.h
/home/ullmann/Documents/research/urho3d/Source/ThirdParty/SDL/src/video/x11/SDL_x11mouse.c,cursorfont.h
/home/ullmann/Documents/research/urho3d/Source/ThirdParty/Tracy/client/TracyCallstack.cpp,cxxabi.h
/home/ullmann/Documents/research/urho3d/Source/ThirdParty/SQLite/src/sqlite3.c,cygwin.h
/home/ullmann/Documents/research/urho3d/Source/ThirdParty/SDL/src/render/direct3d11/SDL_render_d3d11.c,d3d11_1.h
/home/ullmann/Documents/research/urho3d/Source/ThirdParty/Tracy/TracyD3D12.hpp,d3d12.h
/home/ullmann/Documents/research/urho3d/Source/ThirdParty/SDL/src/render/direct3d/SDL_render_d3d.c,d3d9.h
/home/ullmann/Documents/research/urho3d/Source/ThirdParty/Tracy/client/TracyCallstack.cpp,dbghelp.h
/home/ullmann/Documents/research/urho3d/Source/ThirdParty/SDL/src/joystick/windows/SDL_windowsjoystick.c,dbt.h
/home/ullmann/Documents/research/urho3d/Source/ThirdParty/SDL/src/core/linux/SDL_dbus.h,dbus.h
/home/ullmann/Documents/research/urho3d/Source/ThirdParty/SQLite/src/sqlite3.c,dcmd_blk.h
/home/ullmann/Documents/research/urho3d/Source/ThirdParty/SDL/src/core/windows/SDL_directx.h,ddraw.h
/home/ullmann/Documents/research/urho3d/Source/ThirdParty/Assimp/code/C4DImporter.cpp,default_alien_overloads.h
/home/ullmann/Documents/research/urho3d/Source/ThirdParty/Civetweb/src/civetweb.c,dh.h
/home/ullmann/Documents/research/urho3d/Source/ThirdParty/SDL/src/core/windows/SDL_directx.h,dinput.h
/home/ullmann/Documents/research/urho3d/Source/ThirdParty/AngelScript/source/as_debug.h,direct.h
/home/ullmann/Documents/research/urho3d/Source/ThirdParty/SDL/include/SDL_syswm.h,directfb.h
/home/ullmann/Documents/research/urho3d/Source/ThirdParty/SDL/src/video/directfb/SDL_DirectFB_video.c,directfb_strings.h
/home/ullmann/Documents/research/urho3d/Source/ThirdParty/SDL/src/video/directfb/SDL_DirectFB_video.c,directfb_version.h
/home/ullmann/Documents/research/urho3d/Source/ThirdParty/SDL/src/video/directfb/SDL_DirectFB_opengl.c,directfbgl.h
/home/ullmann/Documents/research/urho3d/Source/ThirdParty/Civetweb/src/civetweb.c,dirent.h
/home/ullmann/Documents/research/urho3d/Source/ThirdParty/Civetweb/src/civetweb.c,dlfcn.h
/home/ullmann/Documents/research/urho3d/Source/ThirdParty/SDL/src/dynapi/SDL_dynapi.c,dos.h
/home/ullmann/Documents/research/urho3d/Source/ThirdParty/SDL/src/core/windows/SDL_directx.h,dsound.h
/home/ullmann/Documents/research/urho3d/Source/ThirdParty/SDL/src/video/windows/SDL_windowsvideo.c,dxgi.h
/home/ullmann/Documents/research/urho3d/Source/ThirdParty/SDL/src/video/winrt/SDL_winrtvideo.cpp,dxgi1_2.h
/home/ullmann/Documents/research/urho3d/Source/ThirdParty/GLEW/glew.c,dyld.h
/home/ullmann/Documents/research/urho3d/Source/ThirdParty/Assimp/contrib/rapidjson/include/rapidjson/reader.h,emmintrin.h
/home/ullmann/Documents/research/urho3d/Source/ThirdParty/SDL/src/SDL_assert.c,emscripten.h
/home/ullmann/Documents/research/urho3d/Source/ThirdParty/nanodbc/nanodbc/nanodbc.cpp,encoding_utf.hpp
/home/ullmann/Documents/research/urho3d/Source/ThirdParty/SDL/src/joystick/hidapi/SDL_hidapi_ps4.c,endpointvolume.h
/home/ullmann/Documents/research/urho3d/Source/ThirdParty/Civetweb/src/civetweb.c,engine.h
/home/ullmann/Documents/research/urho3d/Source/ThirdParty/Civetweb/src/civetweb.c,err.h
/home/ullmann/Documents/research/urho3d/Source/ThirdParty/Assimp/contrib/unzip/unzip.c,errno.h
/home/ullmann/Documents/research/urho3d/Source/ThirdParty/SDL/src/audio/esd/SDL_esdaudio.c,esd.h
/home/ullmann/Documents/research/urho3d/Source/ThirdParty/Civetweb/src/civetweb.c,eventfd.h
/home/ullmann/Documents/research/urho3d/Source/ThirdParty/Tracy/client/TracySysTrace.cpp,evntcons.h
/home/ullmann/Documents/research/urho3d/Source/ThirdParty/Tracy/client/TracySysTrace.cpp,evntrace.h
/home/ullmann/Documents/research/urho3d/Source/ThirdParty/Tracy/client/TracyCallstack.hpp,execinfo.h
/home/ullmann/Documents/research/urho3d/Source/ThirdParty/Civetweb/src/civetweb.c,external_log_access.inl
/home/ullmann/Documents/research/urho3d/Source/ThirdParty/Civetweb/src/civetweb.c,external_mg_cry_internal_impl.inl
/home/ullmann/Documents/research/urho3d/Source/ThirdParty/SDL/src/video/x11/SDL_x11dyn.h,extutil.h
/home/ullmann/Documents/research/urho3d/Source/ThirdParty/Assimp/contrib/zlib/gzguts.h,fcntl.h
/home/ullmann/Documents/research/urho3d/Source/ThirdParty/SDL/src/thread/windows/SDL_systls.c,fibersapi.h
/home/ullmann/Documents/research/urho3d/Source/ThirdParty/Assimp/code/C4DImporter.cpp,file.h
/home/ullmann/Documents/research/urho3d/Source/ThirdParty/Box2D/include/box2d/b2_common.h,float.h
/home/ullmann/Documents/research/urho3d/Source/ThirdParty/SLikeNet/Source/src/_FindFirst.cpp,fnmatch.h
/home/ullmann/Documents/research/urho3d/Source/ThirdParty/SDL/src/core/linux/SDL_fcitx.c,frontend.h
/home/ullmann/Documents/research/urho3d/Source/ThirdParty/SDL/src/audio/fusionsound/SDL_fsaudio.h,fusionsound.h
/home/ullmann/Documents/research/urho3d/Source/ThirdParty/SDL/src/audio/fusionsound/SDL_fsaudio.c,fusionsound_version.h
/home/ullmann/Documents/research/urho3d/Source/ThirdParty/SDL/src/hidapi/testgui/mac_support.cpp,fx.h
/home/ullmann/Documents/research/urho3d/Source/ThirdParty/SDL/src/video/kmsdrm/SDL_kmsdrmdyn.h,gbm.h
/home/ullmann/Documents/research/urho3d/Source/ThirdParty/SDL/src/video/vivante/SDL_vivantevideo.h,gc_vdk.h
/home/ullmann/Documents/research/urho3d/Source/ThirdParty/SDL/src/video/nacl/SDL_naclopengles.c,gl2ext_ppapi.h
/home/ullmann/Documents/research/urho3d/Source/ThirdParty/SDL/include/SDL_opengl.h,gl_mangle.h
/home/ullmann/Documents/research/urho3d/Source/ThirdParty/Assimp/code/BlenderTessellator.h,glu.h
/home/ullmann/Documents/research/urho3d/Source/ThirdParty/SDL/src/video/x11/SDL_x11opengl.h,glx.h
/home/ullmann/Documents/research/urho3d/Source/ThirdParty/Civetweb/src/civetweb.c,grp.h
/home/ullmann/Documents/research/urho3d/Source/ThirdParty/FreeType/src/autofit/afshaper.h,hb-ft.h
/home/ullmann/Documents/research/urho3d/Source/ThirdParty/FreeType/src/autofit/afshaper.h,hb-ot.h
/home/ullmann/Documents/research/urho3d/Source/ThirdParty/FreeType/src/autofit/afshaper.h,hb.h
/home/ullmann/Documents/research/urho3d/Source/ThirdParty/SDL/src/hidapi/linux/hid.c,hidraw.h
/home/ullmann/Documents/research/urho3d/Source/ThirdParty/SQLite/src/shell.c,history.h
/home/ullmann/Documents/research/urho3d/Source/ThirdParty/Tracy/client/TracySysTime.cpp,host_info.h
/home/ullmann/Documents/research/urho3d/Source/ThirdParty/SDL/src/joystick/emscripten/SDL_sysjoystick_c.h,html5.h
/home/ullmann/Documents/research/urho3d/Source/ThirdParty/SDL/src/core/linux/SDL_ibus.h,ibus.h
/home/ullmann/Documents/research/urho3d/Source/ThirdParty/SDL/src/hidapi/libusb/hid.c,iconv.h
/home/ullmann/Documents/research/urho3d/Source/ThirdParty/SLikeNet/Source/src/linux_adapter.cpp,if_arp.h
/home/ullmann/Documents/research/urho3d/Source/ThirdParty/SLikeNet/Source/src/RakNetSocket2.cpp,ifaddrs.h
/home/ullmann/Documents/research/urho3d/Source/ThirdParty/SDL/src/video/windows/SDL_windowskeyboard.c,imm.h
/home/ullmann/Documents/research/urho3d/Source/ThirdParty/SDL/include/SDL_cpuinfo.h,immintrin.h
/home/ullmann/Documents/research/urho3d/Source/ThirdParty/SDL/src/audio/wasapi/SDL_wasapi_winrt.cpp,implements.h
/home/ullmann/Documents/research/urho3d/Source/ThirdParty/Civetweb/src/civetweb.c,inet.h
/home/ullmann/Documents/research/urho3d/Source/ThirdParty/SDL/src/joystick/hidapi/SDL_hidapijoystick.c,initguid.h
/home/ullmann/Documents/research/urho3d/Source/ThirdParty/SDL/src/core/linux/SDL_ibus.c,inotify.h
/home/ullmann/Documents/research/urho3d/Source/ThirdParty/SDL/src/core/linux/SDL_evdev.c,input.h
/home/ullmann/Documents/research/urho3d/Source/ThirdParty/Assimp/contrib/rapidjson/include/rapidjson/internal/biginteger.h,intrin.h
/home/ullmann/Documents/research/urho3d/Source/ThirdParty/LibCpuId/src/rdmsr.c,ioctl.h
/home/ullmann/Documents/research/urho3d/Source/ThirdParty/SDL/src/video/x11/SDL_x11dyn.h,ipc.h
/home/ullmann/Documents/research/urho3d/Source/ThirdParty/SLikeNet/Source/include/slikenet/WindowsIncludes.h,iphlpapi.h
/home/ullmann/Documents/research/urho3d/Source/ThirdParty/SDL/src/audio/jack/SDL_jackaudio.h,jack.h
/home/ullmann/Documents/research/urho3d/Source/ThirdParty/SDL/src/core/android/SDL_android.c,jni.h
/home/ullmann/Documents/research/urho3d/Source/ThirdParty/SDL/src/core/linux/SDL_evdev_kbd.c,kd.h
/home/ullmann/Documents/research/urho3d/Source/ThirdParty/SDL/src/joystick/android/SDL_sysjoystick.c,keycodes.h
/home/ullmann/Documents/research/urho3d/Source/ThirdParty/SDL/src/video/x11/SDL_x11keyboard.c,keysym.h
/home/ullmann/Documents/research/urho3d/Source/ThirdParty/Bullet/src/BulletDynamics/MLCPSolvers/btPATHSolver.h,lcp.h
/home/ullmann/Documents/research/urho3d/Source/ThirdParty/SDL/src/core/linux/SDL_udev.h,libudev.h
/home/ullmann/Documents/research/urho3d/Source/ThirdParty/SDL/src/hidapi/libusb/hid.c,libusb.h
/home/ullmann/Documents/research/urho3d/Source/ThirdParty/SDL/src/joystick/bsd/SDL_sysjoystick.c,libusbhid.h
/home/ullmann/Documents/research/urho3d/Source/ThirdParty/SQLite/src/shell.c,linenoise.h
/home/ullmann/Documents/research/urho3d/Source/ThirdParty/SLikeNet/Source/src/linux_adapter.cpp,link.h
/home/ullmann/Documents/research/urho3d/Source/ThirdParty/Tracy/client/TracyProfiler.cpp,lmcons.h
/home/ullmann/Documents/research/urho3d/Source/ThirdParty/SDL/src/hidapi/libusb/hid.c,locale.h
/home/ullmann/Documents/research/urho3d/Source/ThirdParty/Tracy/common/TracySystem.cpp,lwp.h
/home/ullmann/Documents/research/urho3d/Source/ThirdParty/Assimp/contrib/Open3DGC/o3dgcTimer.h,mach.h
/home/ullmann/Documents/research/urho3d/Source/ThirdParty/Tracy/client/TracySysTime.cpp,mach_host.h
/home/ullmann/Documents/research/urho3d/Source/ThirdParty/Bullet/src/LinearMath/btQuickprof.cpp,mach_time.h
/home/ullmann/Documents/research/urho3d/Source/ThirdParty/Tracy/client/tracy_rpmalloc.cpp,mach_vm.h
/home/ullmann/Documents/research/urho3d/Source/ThirdParty/SDL/src/audio/paudio/SDL_paudio.c,machine.h
/home/ullmann/Documents/research/urho3d/Source/ThirdParty/AngelScript/source/as_memory.cpp,malloc.h
/home/ullmann/Documents/research/urho3d/Source/ThirdParty/SDL/include/SDL_atomic.h,mbarrier.h
/home/ullmann/Documents/research/urho3d/Source/ThirdParty/SQLite/src/sqlite3.c,mingw.h
/home/ullmann/Documents/research/urho3d/Source/ThirdParty/SDL/include/SDL_egl.h,mir_client_library.h
/home/ullmann/Documents/research/urho3d/Source/ThirdParty/SDL/include/SDL_cpuinfo.h,mm3dnow.h
/home/ullmann/Documents/research/urho3d/Source/ThirdParty/SDL/src/stdlib/SDL_malloc.c,mman.h
/home/ullmann/Documents/research/urho3d/Source/ThirdParty/SDL/src/audio/wasapi/SDL_wasapi.c,mmdeviceapi.h
/home/ullmann/Documents/research/urho3d/Source/ThirdParty/Assimp/contrib/rapidjson/include/rapidjson/reader.h,mmintrin.h
/home/ullmann/Documents/research/urho3d/Source/ThirdParty/AngelScript/source/as_debug.h,mmsystem.h
/home/ullmann/Documents/research/urho3d/Source/ThirdParty/Civetweb/src/civetweb.c,mod_duktape.inl
/home/ullmann/Documents/research/urho3d/Source/ThirdParty/Civetweb/src/civetweb.c,mod_lua.inl
/home/ullmann/Documents/research/urho3d/Source/ThirdParty/Civetweb/src/civetweb.c,mod_zlib.inl
/home/ullmann/Documents/research/urho3d/Source/ThirdParty/SDL/src/main/nacl/SDL_nacl_main.c,mount.h
/home/ullmann/Documents/research/urho3d/Source/ThirdParty/WebP/src/dsp/msa_macro.h,msa.h
/home/ullmann/Documents/research/urho3d/Source/ThirdParty/SDL/src/video/windows/SDL_windowsvideo.h,msctf.h
/home/ullmann/Documents/research/urho3d/Source/ThirdParty/Bullet/src/LinearMath/btRandom.h,mt19937.h
/home/ullmann/Documents/research/urho3d/Source/ThirdParty/SDL/src/file/SDL_rwops.c,nacl_io.h
/home/ullmann/Documents/research/urho3d/Source/ThirdParty/SDL/src/video/SDL_egl.c,native_window.h
/home/ullmann/Documents/research/urho3d/Source/ThirdParty/SDL/src/core/android/SDL_android.h,native_window_jni.h
/home/ullmann/Documents/research/urho3d/Source/ThirdParty/Civetweb/src/civetweb.c,netdb.h
/home/ullmann/Documents/research/urho3d/Source/ThirdParty/SLikeNet/Source/src/linux_adapter.cpp,netlink.h
/home/ullmann/Documents/research/urho3d/Source/ThirdParty/SDL/src/audio/qsa/SDL_qsa_audio.c,neutrino.h
/home/ullmann/Documents/research/urho3d/Source/ThirdParty/Assimp/contrib/rapidjson/include/rapidjson/reader.h,nmmintrin.h
/home/ullmann/Documents/research/urho3d/Source/ThirdParty/SDL/src/hidapi/windows/hid.c,ntdef.h
/home/ullmann/Documents/research/urho3d/Source/ThirdParty/SDL/src/core/windows/SDL_windows.c,objbase.h
/home/ullmann/Documents/research/urho3d/Source/ThirdParty/SDL/src/video/windows/SDL_windowskeyboard.c,oleauto.h
/home/ullmann/Documents/research/urho3d/Source/ThirdParty/Bullet/src/LinearMath/btThreads.cpp,omp.h
/home/ullmann/Documents/research/urho3d/Source/ThirdParty/Civetweb/src/civetweb.c,opensslv.h
/home/ullmann/Documents/research/urho3d/Source/ThirdParty/SDL/src/video/wayland/SDL_waylandvideo.c,org-kde-kwin-server-decoration-manager-client-protocol.h
/home/ullmann/Documents/research/urho3d/Source/ThirdParty/SDL/src/cpuinfo/SDL_cpuinfo.c,os2.h
/home/ullmann/Documents/research/urho3d/Source/ThirdParty/SDL/src/joystick/bsd/SDL_sysjoystick.c,osreldate.h
/home/ullmann/Documents/research/urho3d/Source/ThirdParty/Bullet/src/LinearMath/btThreads.cpp,parallel_for.h
/home/ullmann/Documents/research/urho3d/Source/ThirdParty/Assimp/code/DefaultIOSystem.cpp,param.h
/home/ullmann/Documents/research/urho3d/Source/ThirdParty/Civetweb/src/civetweb.c,pem.h
/home/ullmann/Documents/research/urho3d/Source/ThirdParty/Tracy/client/TracySysTrace.cpp,perf_event.h
/home/ullmann/Documents/research/urho3d/Source/ThirdParty/Bullet/src/BulletCollision/NarrowPhaseCollision/btManifoldPoint.h,pfx_constraint_row.h
/home/ullmann/Documents/research/urho3d/Source/ThirdParty/SDL/include/SDL_cpuinfo.h,pmmintrin.h
/home/ullmann/Documents/research/urho3d/Source/ThirdParty/FreeType/src/sfnt/pngshim.c,png.h
/home/ullmann/Documents/research/urho3d/Source/ThirdParty/SDL/src/video/wayland/SDL_waylandevents.c,pointer-constraints-unstable-v1-client-protocol.h
/home/ullmann/Documents/research/urho3d/Source/ThirdParty/Civetweb/src/civetweb.c,poll.h
/home/ullmann/Documents/research/urho3d/Source/ThirdParty/SDL/src/video/windows/SDL_windowstaskdialog.h,poppack.h
/home/ullmann/Documents/research/urho3d/Source/ThirdParty/SDL/src/audio/nacl/SDL_naclaudio.c,pp_errors.h
/home/ullmann/Documents/research/urho3d/Source/ThirdParty/SDL/src/video/nacl/SDL_naclvideo.h,pp_input_event.h
/home/ullmann/Documents/research/urho3d/Source/ThirdParty/SDL/src/audio/nacl/SDL_naclaudio.c,pp_instance.h
/home/ullmann/Documents/research/urho3d/Source/ThirdParty/SDL/src/audio/nacl/SDL_naclaudio.h,ppb_audio.h
/home/ullmann/Documents/research/urho3d/Source/ThirdParty/Bullet/src/LinearMath/btThreads.cpp,ppl.h
/home/ullmann/Documents/research/urho3d/Source/ThirdParty/SDL/src/core/winrt/SDL_winrtapp_direct3d.cpp,ppltasks.h
/home/ullmann/Documents/research/urho3d/Source/ThirdParty/AngelScript/source/as_callfunc_ppc_64.cpp,ppu_asm_intrinsics.h
/home/ullmann/Documents/research/urho3d/Source/ThirdParty/Civetweb/src/civetweb.c,prctl.h
/home/ullmann/Documents/research/urho3d/Source/ThirdParty/SDL/src/audio/nacl/SDL_naclaudio.c,ps_event.h
/home/ullmann/Documents/research/urho3d/Source/ThirdParty/SDL/src/audio/nacl/SDL_naclaudio.c,ps_interface.h
/home/ullmann/Documents/research/urho3d/Source/ThirdParty/SDL/src/main/nacl/SDL_nacl_main.c,ps_main.h
/home/ullmann/Documents/research/urho3d/Source/ThirdParty/Tracy/client/TracyCallstack.cpp,psapi.h
/home/ullmann/Documents/research/urho3d/Source/ThirdParty/SDL/src/video/windows/SDL_windowstaskdialog.h,pshpack1.h
/home/ullmann/Documents/research/urho3d/Source/ThirdParty/SDL/src/audio/psp/SDL_pspaudio.c,pspaudio.h
/home/ullmann/Documents/research/urho3d/Source/ThirdParty/SDL/src/joystick/psp/SDL_sysjoystick.c,pspctrl.h
/home/ullmann/Documents/research/urho3d/Source/ThirdParty/SDL/src/main/psp/SDL_psp_main.c,pspdebug.h
/home/ullmann/Documents/research/urho3d/Source/ThirdParty/SDL/src/render/psp/SDL_render_psp.c,pspdisplay.h
/home/ullmann/Documents/research/urho3d/Source/ThirdParty/SDL/src/render/psp/SDL_render_psp.c,pspge.h
/home/ullmann/Documents/research/urho3d/Source/ThirdParty/SDL/src/render/psp/SDL_render_psp.c,pspgu.h
/home/ullmann/Documents/research/urho3d/Source/ThirdParty/SDL/src/render/psp/SDL_render_psp.c,pspgum.h
/home/ullmann/Documents/research/urho3d/Source/ThirdParty/SDL/src/video/psp/SDL_pspevents.c,psphprm.h
/home/ullmann/Documents/research/urho3d/Source/ThirdParty/SDL/src/video/psp/SDL_pspevents.c,pspirkeyb.h
/home/ullmann/Documents/research/urho3d/Source/ThirdParty/SDL/src/video/psp/SDL_pspevents.c,pspirkeyb_rawkeys.h
/home/ullmann/Documents/research/urho3d/Source/ThirdParty/SDL/src/joystick/psp/SDL_sysjoystick.c,pspkernel.h
/home/ullmann/Documents/research/urho3d/Source/ThirdParty/SDL/src/thread/psp/SDL_systhread.c,pspkerneltypes.h
/home/ullmann/Documents/research/urho3d/Source/ThirdParty/SDL/src/thread/psp/SDL_syssem.c,pspkerror.h
/home/ullmann/Documents/research/urho3d/Source/ThirdParty/SDL/src/power/psp/SDL_syspower.c,psppower.h
/home/ullmann/Documents/research/urho3d/Source/ThirdParty/SDL/src/main/psp/SDL_psp_main.c,pspsdk.h
/home/ullmann/Documents/research/urho3d/Source/ThirdParty/SDL/src/audio/psp/SDL_pspaudio.c,pspthreadman.h
/home/ullmann/Documents/research/urho3d/Source/ThirdParty/AngelScript/source/as_criticalsection.h,pthread.h
/home/ullmann/Documents/research/urho3d/Source/ThirdParty/SDL/src/thread/pthread/SDL_systhread.c,pthread_np.h
/home/ullmann/Documents/research/urho3d/Source/ThirdParty/SDL/src/audio/pulseaudio/SDL_pulseaudio.c,pulseaudio.h
/home/ullmann/Documents/research/urho3d/Source/ThirdParty/Civetweb/src/civetweb.c,pwd.h
/home/ullmann/Documents/research/urho3d/Source/ThirdParty/SLikeNet/Source/src/RakMemoryOverride.cpp,rdlmalloc.h
/home/ullmann/Documents/research/urho3d/Source/ThirdParty/SQLite/src/shell.c,readline.h
/home/ullmann/Documents/research/urho3d/Source/ThirdParty/AngelScript/source/as_callfunc_mips.cpp,regdef.h
/home/ullmann/Documents/research/urho3d/Source/ThirdParty/SDL/src/joystick/windows/SDL_mmjoystick.c,regstr.h
/home/ullmann/Documents/research/urho3d/Source/ThirdParty/SDL/src/video/wayland/SDL_waylandevents.c,relative-pointer-unstable-v1-client-protocol.h
/home/ullmann/Documents/research/urho3d/Source/ThirdParty/SDL/src/core/linux/SDL_threadprio.c,resource.h
/home/ullmann/Documents/research/urho3d/Source/ThirdParty/SDL/src/video/winrt/SDL_winrtgamebar.cpp,roapi.h
/home/ullmann/Documents/research/urho3d/Source/ThirdParty/SLikeNet/Source/src/linux_adapter.cpp,rtnetlink.h
/home/ullmann/Documents/research/urho3d/Source/ThirdParty/Civetweb/include/civetweb.h,sal.h
/home/ullmann/Documents/research/urho3d/Source/ThirdParty/SDL/src/audio/SDL_audio_c.h,samplerate.h
/home/ullmann/Documents/research/urho3d/Source/ThirdParty/SDL/src/audio/qsa/SDL_qsa_audio.c,sched.h
/home/ullmann/Documents/research/urho3d/Source/ThirdParty/SDL/src/video/qnx/sdl_qnx.h,screen.h
/home/ullmann/Documents/research/urho3d/Source/ThirdParty/SDL/src/video/x11/SDL_x11dyn.h,scrnsaver.h
/home/ullmann/Documents/research/urho3d/Source/ThirdParty/SDL/src/audio/qsa/SDL_qsa_audio.c,select.h
/home/ullmann/Documents/research/urho3d/Source/ThirdParty/Bullet/src/LinearMath/TaskScheduler/btThreadSupportPosix.cpp,semaphore.h
/home/ullmann/Documents/research/urho3d/Source/ThirdParty/Civetweb/src/civetweb.c,sendfile.h
/home/ullmann/Documents/research/urho3d/Source/ThirdParty/FreeType/include/freetype/config/ftstdlib.h,setjmp.h
/home/ullmann/Documents/research/urho3d/Source/ThirdParty/Civetweb/src/civetweb.c,sha1.inl
/home/ullmann/Documents/research/urho3d/Source/ThirdParty/SDL/src/video/windows/SDL_windowsevents.c,shellapi.h
/home/ullmann/Documents/research/urho3d/Source/ThirdParty/SDL/src/filesystem/windows/SDL_sysfilesystem.c,shlobj.h
/home/ullmann/Documents/research/urho3d/Source/ThirdParty/SDL/src/video/x11/SDL_x11dyn.h,shm.h
/home/ullmann/Documents/research/urho3d/Source/ThirdParty/Assimp/include/assimp/Compiler/pstdint.h,signal.h
/home/ullmann/Documents/research/urho3d/Source/ThirdParty/SDL/src/audio/pulseaudio/SDL_pulseaudio.h,simple.h
/home/ullmann/Documents/research/urho3d/Source/ThirdParty/WebP/src/dsp/alpha_processing_sse41.c,smmintrin.h
/home/ullmann/Documents/research/urho3d/Source/ThirdParty/SDL/src/audio/sndio/SDL_sndioaudio.h,sndio.h
/home/ullmann/Documents/research/urho3d/Source/ThirdParty/SDL/src/audio/dsp/SDL_dspaudio.c,soundcard.h
/home/ullmann/Documents/research/urho3d/Source/ThirdParty/Bullet/src/BulletCollision/CollisionShapes/btConvexShape.cpp,spu_intrinsics.h
/home/ullmann/Documents/research/urho3d/Source/ThirdParty/Bullet/src/BulletCollision/NarrowPhaseCollision/btGjkEpa2.cpp,spu_printf.h
/home/ullmann/Documents/research/urho3d/Source/ThirdParty/nanodbc/nanodbc/nanodbc.cpp,sql.h
/home/ullmann/Documents/research/urho3d/Source/ThirdParty/nanodbc/nanodbc/nanodbc.cpp,sqlext.h
/home/ullmann/Documents/research/urho3d/Source/ThirdParty/SQLite/src/sqlite3.c,sqlite3rtree.h
/home/ullmann/Documents/research/urho3d/Source/ThirdParty/SQLite/src/shell.c,sqlite3userauth.h
/home/ullmann/Documents/research/urho3d/Source/ThirdParty/SQLite/src/sqlite3.c,sqlite_tcl.h
/home/ullmann/Documents/research/urho3d/Source/ThirdParty/Civetweb/src/civetweb.c,ssl.h
/home/ullmann/Documents/research/urho3d/Source/ThirdParty/AngelScript/source/as_debug.h,stat.h
/home/ullmann/Documents/research/urho3d/Source/ThirdParty/SQLite/src/sqlite3.c,statvfs.h
/home/ullmann/Documents/research/urho3d/Source/ThirdParty/AngelScript/source/as_string.cpp,stdarg.h
/home/ullmann/Documents/research/urho3d/Source/ThirdParty/SDL/src/video/khronos/vulkan/vk_icd.h,stdbool.h
/home/ullmann/Documents/research/urho3d/Source/ThirdParty/AngelScript/include/angelscript.h,stddef.h
/home/ullmann/Documents/research/urho3d/Source/ThirdParty/AngelScript/source/as_bytecode.cpp,stdio.h
/home/ullmann/Documents/research/urho3d/Source/ThirdParty/AngelScript/source/as_callfunc_mips.cpp,stdlib.h
/home/ullmann/Documents/research/urho3d/Source/ThirdParty/SDL/include/SDL_stdinc.h,strings.h
/home/ullmann/Documents/research/urho3d/Source/ThirdParty/Bullet/src/LinearMath/btQuickprof.cpp,sys_time.h
/home/ullmann/Documents/research/urho3d/Source/ThirdParty/SDL/src/thread/pthread/SDL_systhread.c,syscall.h
/home/ullmann/Documents/research/urho3d/Source/ThirdParty/Bullet/src/LinearMath/btCpuFeatureUtility.h,sysctl.h
/home/ullmann/Documents/research/urho3d/Source/ThirdParty/LibCpuId/src/cpuid_main.c,sysinfo.h
/home/ullmann/Documents/research/urho3d/Source/ThirdParty/FreeType/src/base/ftmac.c,syslimits.h
/home/ullmann/Documents/research/urho3d/Source/ThirdParty/SDL/src/cpuinfo/SDL_cpuinfo.c,syspage.h
/home/ullmann/Documents/research/urho3d/Source/ThirdParty/SDL/src/core/android/SDL_android.c,system_properties.h
/home/ullmann/Documents/research/urho3d/Source/ThirdParty/Bullet/src/LinearMath/btThreads.cpp,task_scheduler_init.h
/home/ullmann/Documents/research/urho3d/Source/ThirdParty/Bullet/src/LinearMath/btThreads.cpp,tbb.h
/home/ullmann/Documents/research/urho3d/Source/ThirdParty/SLikeNet/Source/include/slikenet/DR_SHA1.h,tchar.h
/home/ullmann/Documents/research/urho3d/Source/ThirdParty/SQLite/src/sqlite3.c,tcl.h
/home/ullmann/Documents/research/urho3d/Source/ThirdParty/Civetweb/src/civetweb.c,tcp.h
/home/ullmann/Documents/research/urho3d/Source/ThirdParty/SLikeNet/Source/include/slikenet/Getche.h,termios.h
/home/ullmann/Documents/research/urho3d/Source/ThirdParty/Tracy/common/TracySystem.cpp,thr.h
/home/ullmann/Documents/research/urho3d/Source/ThirdParty/Bullet/src/LinearMath/btQuickprof.cpp,time_util.h
/home/ullmann/Documents/research/urho3d/Source/ThirdParty/ETCPACK/source/etcpack.cxx,timeb.h
/home/ullmann/Documents/research/urho3d/Source/ThirdParty/Civetweb/src/civetweb.c,timer.inl
/home/ullmann/Documents/research/urho3d/Source/ThirdParty/SDL/src/core/linux/SDL_evdev_kbd.c,tiocl.h
/home/ullmann/Documents/research/urho3d/Source/ThirdParty/SDL/src/joystick/SDL_joystick.c,tlhelp32.h
/home/ullmann/Documents/research/urho3d/Source/ThirdParty/SQLite/src/sqlite3.c,ubrk.h
/home/ullmann/Documents/research/urho3d/Source/ThirdParty/SQLite/src/sqlite3.c,ucol.h
/home/ullmann/Documents/research/urho3d/Source/ThirdParty/Assimp/include/assimp/IOSystem.hpp,unistd.h
/home/ullmann/Documents/research/urho3d/Source/ThirdParty/Assimp/contrib/zlib/zutil.h,unix.h
/home/ullmann/Documents/research/urho3d/Source/ThirdParty/SDL/src/video/windows/SDL_msctf.h,unknwn.h
/home/ullmann/Documents/research/urho3d/Source/ThirdParty/Tracy/client/TracyCallstack.hpp,unwind.h
/home/ullmann/Documents/research/urho3d/Source/ThirdParty/SQLite/src/sqlite3.c,uregex.h
/home/ullmann/Documents/research/urho3d/Source/ThirdParty/SDL/src/hidapi/libusb/hid.c,usb.h
/home/ullmann/Documents/research/urho3d/Source/ThirdParty/SDL/src/joystick/bsd/SDL_sysjoystick.c,usb_ioctl.h
/home/ullmann/Documents/research/urho3d/Source/ThirdParty/SDL/src/joystick/bsd/SDL_sysjoystick.c,usbhid.h
/home/ullmann/Documents/research/urho3d/Source/ThirdParty/SQLite/src/sqlite3.c,ustring.h
/home/ullmann/Documents/research/urho3d/Source/ThirdParty/SQLite/src/sqlite3.c,utf16.h
/home/ullmann/Documents/research/urho3d/Source/ThirdParty/SQLite/src/shell.c,utime.h
/home/ullmann/Documents/research/urho3d/Source/ThirdParty/SDL/src/hidapi/linux/hid.cpp,utlhashmap.h
/home/ullmann/Documents/research/urho3d/Source/ThirdParty/SDL/src/hidapi/linux/hid.cpp,utlvector.h
/home/ullmann/Documents/research/urho3d/Source/ThirdParty/Civetweb/src/civetweb.c,utsname.h
/home/ullmann/Documents/research/urho3d/Source/ThirdParty/SQLite/src/sqlite3.c,utypes.h
/home/ullmann/Documents/research/urho3d/Source/ThirdParty/Tracy/client/tracy_rpmalloc.cpp,vm_statistics.h
/home/ullmann/Documents/research/urho3d/Source/ThirdParty/SDL/src/render/psp/SDL_render_psp.c,vram.h
/home/ullmann/Documents/research/urho3d/Source/ThirdParty/SQLite/src/sqlite3.c,vxWorks.h
/home/ullmann/Documents/research/urho3d/Source/ThirdParty/Civetweb/src/civetweb.c,wait.h
/home/ullmann/Documents/research/urho3d/Source/ThirdParty/SDL/src/video/wayland/SDL_waylanddyn.h,wayland-client-core.h
/home/ullmann/Documents/research/urho3d/Source/ThirdParty/SDL/src/video/wayland/SDL_waylanddyn.h,wayland-client-protocol.h
/home/ullmann/Documents/research/urho3d/Source/ThirdParty/SDL/src/video/khronos/vulkan/vulkan.h,wayland-client.h
/home/ullmann/Documents/research/urho3d/Source/ThirdParty/SDL/src/video/wayland/SDL_waylanddyn.h,wayland-cursor.h
/home/ullmann/Documents/research/urho3d/Source/ThirdParty/SDL/src/video/wayland/SDL_waylanddyn.h,wayland-egl.h
/home/ullmann/Documents/research/urho3d/Source/ThirdParty/SDL/src/video/wayland/SDL_waylanddyn.h,wayland-util.h
/home/ullmann/Documents/research/urho3d/Source/ThirdParty/Assimp/contrib/rapidjson/include/rapidjson/msinttypes/stdint.h,wchar.h
/home/ullmann/Documents/research/urho3d/Source/ThirdParty/SDL/include/SDL_platform.h,winapifamily.h
/home/ullmann/Documents/research/urho3d/Source/ThirdParty/SDL/src/hidapi/windows/hid.c,winbase.h
/home/ullmann/Documents/research/urho3d/Source/ThirdParty/SDL/src/audio/wasapi/SDL_wasapi_winrt.cpp,windows.devices.enumeration.h
/home/ullmann/Documents/research/urho3d/Source/ThirdParty/SDL/src/video/winrt/SDL_winrtgamebar.cpp,windows.foundation.h
/home/ullmann/Documents/research/urho3d/Source/ThirdParty/SDL/src/joystick/hidapi/SDL_hidapi_xbox360.c,windows.gaming.input.h
/home/ullmann/Documents/research/urho3d/Source/ThirdParty/SDL/src/render/direct3d11/SDL_render_winrt.cpp,windows.graphics.display.h
/home/ullmann/Documents/research/urho3d/Source/ThirdParty/AngelScript/source/as_atomic.cpp,windows.h
/home/ullmann/Documents/research/urho3d/Source/ThirdParty/SDL/src/audio/wasapi/SDL_wasapi_winrt.cpp,windows.media.devices.h
/home/ullmann/Documents/research/urho3d/Source/ThirdParty/SDL/src/video/winrt/SDL_winrtvideo.cpp,windows.system.display.h
/home/ullmann/Documents/research/urho3d/Source/ThirdParty/SDL/src/audio/wasapi/SDL_wasapi_winrt.cpp,windows.ui.core.h
/home/ullmann/Documents/research/urho3d/Source/ThirdParty/SDL/src/video/winrt/SDL_winrtmessagebox.cpp,windows.ui.popups.h
/home/ullmann/Documents/research/urho3d/Source/ThirdParty/SDL/src/core/winrt/SDL_winrtapp_xaml.cpp,windows.ui.xaml.media.dxinterop.h
/home/ullmann/Documents/research/urho3d/Source/ThirdParty/SDL/src/video/windows/SDL_windowsevents.c,windowsx.h
/home/ullmann/Documents/research/urho3d/Source/ThirdParty/LibCpuId/src/rdmsr.c,winerror.h
/home/ullmann/Documents/research/urho3d/Source/ThirdParty/LibCpuId/src/rdmsr.c,winioctl.h
/home/ullmann/Documents/research/urho3d/Source/ThirdParty/SLikeNet/Source/include/slikenet/WindowsIncludes.h,winsock.h
/home/ullmann/Documents/research/urho3d/Source/ThirdParty/Civetweb/src/civetweb.c,winsock2.h
/home/ullmann/Documents/research/urho3d/Source/ThirdParty/Tracy/client/TracySysTrace.cpp,winternl.h
/home/ullmann/Documents/research/urho3d/Source/ThirdParty/Civetweb/src/civetweb.c,wolfssl_extras.inl
/home/ullmann/Documents/research/urho3d/Source/ThirdParty/SDL/src/core/winrt/SDL_winrtapp_common.cpp,wrl.h
/home/ullmann/Documents/research/urho3d/Source/ThirdParty/Civetweb/src/civetweb.c,ws2tcpip.h
/home/ullmann/Documents/research/urho3d/Source/ThirdParty/Civetweb/src/civetweb.c,x509.h
/home/ullmann/Documents/research/urho3d/Source/ThirdParty/Tracy/client/TracyDxt1.cpp,x86intrin.h
/home/ullmann/Documents/research/urho3d/Source/ThirdParty/SDL/src/video/khronos/vulkan/vulkan.h,xcb.h
/home/ullmann/Documents/research/urho3d/Source/ThirdParty/SDL/src/video/wayland/SDL_waylandvideo.c,xdg-decoration-unstable-v1-client-protocol.h
/home/ullmann/Documents/research/urho3d/Source/ThirdParty/SDL/src/video/wayland/SDL_waylandevents.c,xdg-shell-client-protocol.h
/home/ullmann/Documents/research/urho3d/Source/ThirdParty/SDL/src/video/wayland/SDL_waylandevents.c,xdg-shell-unstable-v6-client-protocol.h
/home/ullmann/Documents/research/urho3d/Source/ThirdParty/SDL/src/video/kmsdrm/SDL_kmsdrmdyn.h,xf86drm.h
/home/ullmann/Documents/research/urho3d/Source/ThirdParty/SDL/src/video/kmsdrm/SDL_kmsdrmdyn.h,xf86drmMode.h
/home/ullmann/Documents/research/urho3d/Source/ThirdParty/SDL/src/video/x11/SDL_x11dyn.h,xf86vmode.h
/home/ullmann/Documents/research/urho3d/Source/ThirdParty/SDL/src/core/windows/SDL_xinput.h,xinput.h
/home/ullmann/Documents/research/urho3d/Source/ThirdParty/SDL/src/video/wayland/SDL_waylanddyn.h,xkbcommon.h
/home/ullmann/Documents/research/urho3d/Source/ThirdParty/Bullet/src/BulletCollision/Gimpact/gim_memory.h,xmmintrin.h
/home/ullmann/Documents/research/urho3d/Source/ThirdParty/AngelScript/source/as_atomic.cpp,xtl.h
